Name,Color,Price,Image URL,SKU,Activity,Gender
JUNIOR MOORLAND FLANNEL SHIRT,PINK,"IDR 209,250 - IDR 279,000","['https://d1yutv2xslo29o.cloudfront.net/product/variant/photo/bd87ad2c-5115-4db9-9e7d-204e6966beea.jpg', 'https://d1yutv2xslo29o.cloudfront.net/product/variant/photo/90ef471b-586b-478d-8716-f7b39b30678c.jpg', 'https://d1yutv2xslo29o.cloudfront.net/product/variant/photo/56da82b1-e0d6-4461-8cbc-31aad6206435.jpg', 'https://d1yutv2xslo29o.cloudfront.net/product/variant/photo/86c67afb-3f26-40ec-a33a-accf3e53ec50.jpg', 'https://d1yutv2xslo29o.cloudfront.net/product/variant/photo/2ce74645-da63-469f-8656-762a2fef2038.jpg']",910009592,Daily Wear,ANAK
EADLYN SS SHIRT,RED,"IDR 202,300 - IDR 289,000","['https://d1yutv2xslo29o.cloudfront.net/product/variant/media/web/910005514_RED_1_9a1f.webp', 'https://d1yutv2xslo29o.cloudfront.net/product/variant/media/web/910005514_RED_2_f33c.webp', 'https://d1yutv2xslo29o.cloudfront.net/product/variant/media/web/910005514_RED_1_1b4a.webp', 'https://d1yutv2xslo29o.cloudfront.net/product/variant/media/web/910005514_RED_3_8cfa.webp', 'https://d1yutv2xslo29o.cloudfront.net/product/variant/media/web/910005514_RED_4_3502.webp']",910005514,Day Hike,WANITA
WOMEN KAUWELA PRINTED SHIRT,BLUE,"IDR 254,150 - IDR 299,000","['https://d1yutv2xslo29o.cloudfront.net/product/variant/media/web/fc00d61cf17e9f56efb9ec2909351c75.webp', 'https://d1yutv2xslo29o.cloudfront.net/product/variant/media/web/cedd9ca5b1ac11e6a83eec04ecfd8056.webp', 'https://d1yutv2xslo29o.cloudfront.net/product/variant/media/web/e29b9c38cb2b0fcb83731e4550fc980c.webp', 'https://d1yutv2xslo29o.cloudfront.net/product/variant/media/web/c7f18ddfee58e91f623d20d74e6aa404.webp', 'https://d1yutv2xslo29o.cloudfront.net/product/variant/media/web/ee64fd282a81385bab8116ffcd42bd3e.webp', 'https://d1yutv2xslo29o.cloudfront.net/product/variant/media/web/9cf6c22d24ea3d13c1f395facc8db818.webp', 'https://d1yutv2xslo29o.cloudfront.net/product/variant/media/web/5a7ecd494352755dc272a387e77deca5.webp']",910010211,Daily Wear,WANITA
WOMEN VANASEEKER 2.0 SS SHIRT,DARK GREY,"IDR 299,000","['https://d1yutv2xslo29o.cloudfront.net/product/variant/media/web/910007610_DARK%20GREY_1_1f9e.webp', 'https://d1yutv2xslo29o.cloudfront.net/product/variant/media/web/910007610_DARK%20GREY_2_a426.webp', 'https://d1yutv2xslo29o.cloudfront.net/product/variant/media/web/910007610_DARK%20GREY_1_9d24.webp', 'https://d1yutv2xslo29o.cloudfront.net/product/variant/media/web/910007610_DARK%20GREY_3_e8e6.webp', 'https://d1yutv2xslo29o.cloudfront.net/product/variant/media/web/910007610_DARK%20GREY_4_d30d.webp', 'https://d1yutv2xslo29o.cloudfront.net/product/variant/media/web/910007610_DARK%20GREY_5_3dd2.webp', 'https://d1yutv2xslo29o.cloudfront.net/product/variant/media/web/910007610_DARK%20GREY_6_354a.webp', 'https://d1yutv2xslo29o.cloudfront.net/product/variant/media/web/910007610_DARK%20GREY_7_2b33.webp']",910007610,Trekking,WANITA
ALABAMA SS SHIRT 1.0,NAVY,"IDR 284,050 - IDR 299,000","['https://d1yutv2xslo29o.cloudfront.net/product/variant/media/web/865f03975daad3816cd5885d0d817c15.webp', 'https://d1yutv2xslo29o.cloudfront.net/product/variant/media/web/6fc33cdf6c49e07868fd459edb43c958.webp', 'https://d1yutv2xslo29o.cloudfront.net/product/variant/media/web/bf5d3b8bb07d8b966c302b0a688eaf89.webp', 'https://d1yutv2xslo29o.cloudfront.net/product/variant/media/web/9685a2611d134864b0f40b2af83da326.webp', 'https://d1yutv2xslo29o.cloudfront.net/product/variant/media/web/6a05604e6d3fe39be557e67364a0588a.webp', 'https://d1yutv2xslo29o.cloudfront.net/product/variant/media/web/596beeabbee9bb67ef703677ac489875.webp', 'https://d1yutv2xslo29o.cloudfront.net/product/variant/media/web/dc1ba0a3b76d31307aed52195239fa7a.webp', 'https://d1yutv2xslo29o.cloudfront.net/product/variant/media/web/468abebd3c00386fd212ab6dce1dfc0c.webp']",910010286,Day Ride,PRIA
WANDERHAUL SHIRT,OLIVE,"IDR 309,000","['https://d1yutv2xslo29o.cloudfront.net/product/variant/media/web/910007570_OLIVE_1_854c.webp', 'https://d1yutv2xslo29o.cloudfront.net/product/variant/media/web/910007570_OLIVE_2_023a.webp', 'https://d1yutv2xslo29o.cloudfront.net/product/variant/media/web/910007570_OLIVE_3_db6e.webp', 'https://d1yutv2xslo29o.cloudfront.net/product/variant/media/web/910007570_OLIVE_4_5e06.webp', 'https://d1yutv2xslo29o.cloudfront.net/product/variant/media/web/910007570_OLIVE_5_2adc.webp', 'https://d1yutv2xslo29o.cloudfront.net/product/variant/media/web/910007570_OLIVE_6_871a.webp', 'https://d1yutv2xslo29o.cloudfront.net/product/variant/media/web/910007570_OLIVE_7_8d20.webp']",910007570,Travelling,PRIA
GRAVEL 1.0 S/S SHIRT,GREEN,"IDR 293,550 - IDR 309,000","['https://d1yutv2xslo29o.cloudfront.net/product/variant/photo/89066744-fe34-4aa8-b78f-1c9f06d8ca2a.jpg', 'https://d1yutv2xslo29o.cloudfront.net/product/variant/photo/07f8e9b5-d4f9-4276-92c2-5b8e6068fe57.jpg', 'https://d1yutv2xslo29o.cloudfront.net/product/variant/photo/cc481079-964d-40ed-a5e8-2e0e7bec12d6.jpg', 'https://d1yutv2xslo29o.cloudfront.net/product/variant/photo/40033ae7-0646-42da-8392-6cda8b1ebc96.jpg']",910004128,Daily Wear,PRIA
Z-OSTRYA SHORT SHIRT,BLACK,"IDR 293,550 - IDR 309,000","['https://d1yutv2xslo29o.cloudfront.net/product/variant/photo/579876e1-0055-41b9-b07c-f63ee25702ac.jpg', 'https://d1yutv2xslo29o.cloudfront.net/product/variant/photo/7cd8111e-7f6a-427b-b468-16ec95e55371.jpg', 'https://d1yutv2xslo29o.cloudfront.net/product/variant/photo/d25d49ce-7f6c-49f5-b044-4127854be1b2.jpg', 'https://d1yutv2xslo29o.cloudfront.net/product/variant/photo/f25da51e-6995-499a-94db-fe3e2d2f2af1.jpg', 'https://d1yutv2xslo29o.cloudfront.net/product/variant/photo/f5c3c146-9fd0-4ef6-89ee-1ee5d3e4c2d5.jpg']",910008648,Daily Wear,PRIA
FLOBAMORA EXP SS,BLACK,"IDR 293,550 - IDR 309,000","['https://d1yutv2xslo29o.cloudfront.net/product/variant/media/web/e6ef8ada0b365622309268be038b9d38.webp', 'https://d1yutv2xslo29o.cloudfront.net/product/variant/media/web/15f31718a96fd2a2369898bc92df4b5a.webp', 'https://d1yutv2xslo29o.cloudfront.net/product/variant/media/web/7a2503ae0e94078f8d9c4201923a5819.webp', 'https://d1yutv2xslo29o.cloudfront.net/product/variant/media/web/f2194a7076a61a17a8bb412be635f6d7.webp', 'https://d1yutv2xslo29o.cloudfront.net/product/variant/media/web/e6f7927e467d89b0df4d41628561167c.webp']",910010030,Day Hike,PRIA
WOMEN TRISHA PRINTED SHIRT,GREEN,"IDR 175,450 - IDR 319,000","['https://d1yutv2xslo29o.cloudfront.net/product/variant/photo/7d2f85d6-6de3-47c7-8691-806d1cf8d705.jpg', 'https://d1yutv2xslo29o.cloudfront.net/product/variant/photo/15267fc4-00a8-403b-bfbd-aab252f57904.jpg', 'https://d1yutv2xslo29o.cloudfront.net/product/variant/photo/39ebcf6e-ff8e-4c48-a188-fe01952da7d1.jpg', 'https://d1yutv2xslo29o.cloudfront.net/product/variant/photo/a689356e-0641-4b2d-afcf-fec2edc17c64.jpg', 'https://d1yutv2xslo29o.cloudfront.net/product/variant/photo/d8d5d2e9-3451-441c-b1cf-ea269447b5af.jpg', 'https://d1yutv2xslo29o.cloudfront.net/product/variant/photo/53e74ba6-185a-410a-916b-d945e85b7fc9.jpg']",910009466,Daily Wear,WANITA
VROOM SS SHIRT,GREEN,"IDR 180,950 - IDR 329,000",['https://d1yutv2xslo29o.cloudfront.net/product/variant/media/web/910008691I_1.webp'],910008691,Daily Wear,WANITA
COASTICO SHIRT SS,BLUE,"IDR 312,550 - IDR 329,000","['https://d1yutv2xslo29o.cloudfront.net/product/variant/media/web/c72bccf99a292ece1bee12e7126a5622.webp', 'https://d1yutv2xslo29o.cloudfront.net/product/variant/media/web/aa04c745e6c68412ac44b75b6fc96e59.webp', 'https://d1yutv2xslo29o.cloudfront.net/product/variant/media/web/0612fca9ec8662964db45c606f18c984.webp', 'https://d1yutv2xslo29o.cloudfront.net/product/variant/media/web/7dbb160c4eddeef4e3cbc08d6cce996f.webp', 'https://d1yutv2xslo29o.cloudfront.net/product/variant/media/web/d2905f9ddb9ca241c179d22a1a626d77.webp', 'https://d1yutv2xslo29o.cloudfront.net/product/variant/media/web/593b4502d4dd694eb80e7eb736209248.webp', 'https://d1yutv2xslo29o.cloudfront.net/product/variant/media/web/0fe8d3e7b9a1e1f1ef6701fc8cd4ba7f.webp']",910010183,Daily Wear,PRIA
FLOBAMORA XT,BLACK,"IDR 322,050 - IDR 339,000","['https://d1yutv2xslo29o.cloudfront.net/product/variant/media/web/910007304_BLACK_1_436f.webp', 'https://d1yutv2xslo29o.cloudfront.net/product/variant/media/web/910007304_BLACK_2_7d92.webp', 'https://d1yutv2xslo29o.cloudfront.net/product/variant/media/web/910007304_BLACK_8_b8a7.webp', 'https://d1yutv2xslo29o.cloudfront.net/product/variant/media/web/910007304_BLACK_3_2a6d.webp', 'https://d1yutv2xslo29o.cloudfront.net/product/variant/media/web/910007304_BLACK_10_e0db.webp', 'https://d1yutv2xslo29o.cloudfront.net/product/variant/media/web/910007304_BLACK_11_5d38.webp', 'https://d1yutv2xslo29o.cloudfront.net/product/variant/media/web/910007304_BLACK_12_7500.webp', 'https://d1yutv2xslo29o.cloudfront.net/product/variant/media/web/910007304_BLACK_13_d48b.webp']",910007304,Day Hike,PRIA
MARAMBA SHIRT 2.0,LIGHT GREEN,"IDR 322,050 - IDR 339,000",['https://d1yutv2xslo29o.cloudfront.net/product/variant/media/web/605aa2df-ac7c-497d-a5d2-82cd797fa7fa.webp'],910006773,Daily Wear,PRIA
Z-OSTRYA LONG SHIRT,WHITE,"IDR 322,050 - IDR 339,000","['https://d1yutv2xslo29o.cloudfront.net/product/photo/910008649W_1.JPG', 'https://d1yutv2xslo29o.cloudfront.net/product/variant/photo/4eaf0f3b-c6bd-465b-a332-24fbb853601c.JPG', 'https://d1yutv2xslo29o.cloudfront.net/product/variant/photo/681682d7-1a6e-430b-b828-407e8a3fb3f8.JPG', 'https://d1yutv2xslo29o.cloudfront.net/product/variant/photo/eb95d870-2d4a-4e9e-9152-0fc4c248f6a7.JPG', 'https://d1yutv2xslo29o.cloudfront.net/product/variant/photo/9a7062ff-03e8-4661-b884-78f6c5554816.JPG', 'https://d1yutv2xslo29o.cloudfront.net/product/variant/photo/539987c8-c073-4092-9212-5fcd29919a3f.JPG', 'https://d1yutv2xslo29o.cloudfront.net/product/variant/photo/b4c54246-f9cc-4b07-9c4e-db53aa3954dc.JPG', 'https://d1yutv2xslo29o.cloudfront.net/product/variant/photo/d0fc029e-fe6b-4d05-9e2d-4efcb8a41c25.JPG', 'https://d1yutv2xslo29o.cloudfront.net/product/variant/photo/ddf211ad-04fc-46f2-a57f-c9ce3718811f.JPG']",910008649,Daily Wear,PRIA
WOMEN SKIDDAW LS SHIRT,GREEN,"IDR 339,000","['https://d1yutv2xslo29o.cloudfront.net/product/variant/photo/52766e2e-a865-4faa-8bb8-9d1c8011839b.jpg', 'https://d1yutv2xslo29o.cloudfront.net/product/variant/photo/4bf9fb01-22d4-47db-abe9-0967ea573a28.jpg', 'https://d1yutv2xslo29o.cloudfront.net/product/variant/photo/4dbd16b4-022d-4e3b-bd03-70b0d55c716d.jpg', 'https://d1yutv2xslo29o.cloudfront.net/product/variant/photo/9349e3ab-7eeb-43d0-9aeb-224d787f45be.jpg', 'https://d1yutv2xslo29o.cloudfront.net/product/variant/photo/f3f59569-6bdd-4040-b0fb-4b8a5ad5557d.jpg', 'https://d1yutv2xslo29o.cloudfront.net/product/variant/photo/32f6ccd1-6f2e-496a-a5f7-36bfe5a3367e.jpg', 'https://d1yutv2xslo29o.cloudfront.net/product/variant/photo/88b4d5ff-97b8-4038-9c7f-8a475e626594.jpg', 'https://d1yutv2xslo29o.cloudfront.net/product/variant/photo/ecbb318b-2329-4f76-9dc5-100612837126.jpg']",910009612,Day Hike,WANITA
TADULOKA SS F1,OLIVE,"IDR 322,050 - IDR 339,000","['https://d1yutv2xslo29o.cloudfront.net/product/variant/photo/072c09ae-1645-4557-9dbe-76206c0b2a9e.jpg', 'https://d1yutv2xslo29o.cloudfront.net/product/variant/photo/5532d2af-9778-40cd-a6fb-4f57da841391.jpg', 'https://d1yutv2xslo29o.cloudfront.net/product/variant/photo/1db1c62b-d7ee-4ca6-aa20-670b409bc80d.jpg', 'https://d1yutv2xslo29o.cloudfront.net/product/variant/photo/d09f5209-6b5b-430a-978f-e105312bbaa2.jpg', 'https://d1yutv2xslo29o.cloudfront.net/product/variant/photo/ae67206e-b06a-4052-b08f-dc6a103ce1f2.jpg']",910008557,Day Hike,PRIA
NEW MADRAS SHIRT,BROWN,"IDR 322,050 - IDR 339,000","['https://d1yutv2xslo29o.cloudfront.net/product/variant/photo/79f22290-5a89-4979-9424-0ae7adc9f012.jpg', 'https://d1yutv2xslo29o.cloudfront.net/product/variant/photo/1cd1782b-3a43-4331-92be-69dae6d32a97.jpg', 'https://d1yutv2xslo29o.cloudfront.net/product/variant/photo/2fa22905-10ce-4e25-90db-15fa9efcfbb8.jpg', 'https://d1yutv2xslo29o.cloudfront.net/product/variant/photo/e3ac0e14-4353-43cf-867c-8f8bdee10660.jpg', 'https://d1yutv2xslo29o.cloudfront.net/product/variant/photo/b71b0a2a-3d2c-4493-8d8e-2a35b31d3171.jpg']",910009477,Day Ride,PRIA
ETHNO SHIRT SS,NAVY,"IDR 322,050 - IDR 339,000","['https://d1yutv2xslo29o.cloudfront.net/product/variant/photo/686d777f-3fec-4b4e-9b38-cd047078c8eb.jpg', 'https://d1yutv2xslo29o.cloudfront.net/product/variant/photo/51f36430-d515-4a77-bdd8-83ebbb2c5393.jpg', 'https://d1yutv2xslo29o.cloudfront.net/product/variant/photo/2471c159-efe2-4014-94ae-3fcac519d249.jpg', 'https://d1yutv2xslo29o.cloudfront.net/product/variant/photo/d8e6a5a4-a22c-4afb-8c50-44e2112c0f29.jpg', 'https://d1yutv2xslo29o.cloudfront.net/product/variant/photo/aa0aa63d-ea35-4d1f-8f78-067f11be4698.jpg', 'https://d1yutv2xslo29o.cloudfront.net/product/variant/photo/05059bdc-4fd7-47c8-919a-f71824ec04b2.jpg', 'https://d1yutv2xslo29o.cloudfront.net/product/variant/photo/5da31eeb-5f1a-43c3-a272-1222ee902a7b.jpg']",910009500,Daily Wear,PRIA
WOMEN VARSHA BOXY SHIRT,OLIVE,"IDR 186,450 - IDR 339,000","['https://d1yutv2xslo29o.cloudfront.net/product/variant/media/web/aa820305-8a38-4ce1-9323-01f5975c5712.webp', 'https://d1yutv2xslo29o.cloudfront.net/product/variant/media/web/5958066e-e1b7-4eca-83a1-4fd8ed3aeacd.webp', 'https://d1yutv2xslo29o.cloudfront.net/product/variant/media/web/bfdf59dc-7249-4063-8a61-5a2a0518cf68.webp', 'https://d1yutv2xslo29o.cloudfront.net/product/variant/media/web/1c596707-a47b-49a0-8735-1aad3604bec3.webp', 'https://d1yutv2xslo29o.cloudfront.net/product/variant/media/web/3ac03e28-945a-46d7-81b4-7d5b0b445e3d.webp']",910009473,Travelling,WANITA
BENTAYAN SS SHIRT,NAVY,"IDR 322,050 - IDR 339,000","['https://d1yutv2xslo29o.cloudfront.net/product/variant/media/web/2d0b0e90663da50d550c05b82729fe62.webp', 'https://d1yutv2xslo29o.cloudfront.net/product/variant/media/web/85519e2ba3c6f283c834c748e5e45c2c.webp', 'https://d1yutv2xslo29o.cloudfront.net/product/variant/media/web/2ed89244308540ba07671bd2dffc8ae2.webp', 'https://d1yutv2xslo29o.cloudfront.net/product/variant/media/web/00f76564787b1a3f210933935e2e1844.webp', 'https://d1yutv2xslo29o.cloudfront.net/product/variant/media/web/8fa00fc9c108b48d1c1f82f86269d9b0.webp', 'https://d1yutv2xslo29o.cloudfront.net/product/variant/media/web/4b4272a3a29751d6484e7039b8166a71.webp', 'https://d1yutv2xslo29o.cloudfront.net/product/variant/media/web/6ab1b91cac9bd6195ce99acdab56872d.webp']",910008697,Daily Wear,PRIA
WOMEN FORTUNE PRINTED SHIRT,NAVY,"IDR 296,650 - IDR 349,000","['https://d1yutv2xslo29o.cloudfront.net/product/variant/photo/1183aa3f-724e-4e07-a217-9fc91fb07c4c.JPG', 'https://d1yutv2xslo29o.cloudfront.net/product/variant/photo/149b393b-7c15-4acb-aa84-c30314130ed9.JPG', 'https://d1yutv2xslo29o.cloudfront.net/product/variant/photo/271155af-6073-4825-825d-e447b4ea80fe.JPG', 'https://d1yutv2xslo29o.cloudfront.net/product/variant/photo/d5a37dbf-e7f3-4ee8-a808-c808c2cc460c.JPG', 'https://d1yutv2xslo29o.cloudfront.net/product/variant/photo/5136eef8-384c-422f-8a65-245d9a99108a.JPG']",910009619,Daily Wear,WANITA
TAKIAN 1.2 SHIRT SS,OFF WHITE,"IDR 331,550 - IDR 349,000","['https://d1yutv2xslo29o.cloudfront.net/product/variant/photo/2ad667e8-dbdd-4436-8f06-c0bfe931687d.jpg', 'https://d1yutv2xslo29o.cloudfront.net/product/variant/photo/8b470f76-03ef-4a7f-9678-4f70d9633e12.jpg', 'https://d1yutv2xslo29o.cloudfront.net/product/variant/photo/4d9c4285-fc53-4c92-b455-26310a822770.jpg', 'https://d1yutv2xslo29o.cloudfront.net/product/variant/photo/5de06ea3-9598-4bc0-b1a7-7d5e027e95a1.jpg', 'https://d1yutv2xslo29o.cloudfront.net/product/variant/photo/b3698292-eb54-4b3e-84dc-cf42d79145df.jpg']",910009502,Daily Wear,PRIA
KENALI NEGERI SHIRT SS,GREY,"IDR 244,300 - IDR 349,000","['https://d1yutv2xslo29o.cloudfront.net/product/variant/photo/6ece1ca0-688b-4ba9-acc5-a20c7d58badc.jpg', 'https://d1yutv2xslo29o.cloudfront.net/product/variant/photo/4fadef57-4e66-4bc8-b71d-0c8b437555b2.jpg', 'https://d1yutv2xslo29o.cloudfront.net/product/variant/photo/5294a07b-adfd-4d79-88af-cfad43d9a4b4.jpg', 'https://d1yutv2xslo29o.cloudfront.net/product/variant/photo/60ca639e-8a33-4ef9-a09a-048f0d7df472.jpg', 'https://d1yutv2xslo29o.cloudfront.net/product/variant/photo/8783b551-a90a-467a-a5b5-19205b63f766.jpg']",910009905,Daily Wear,PRIA
RIVENDELL SHIRT,BLACK,"IDR 226,850 - IDR 349,000","['https://d1yutv2xslo29o.cloudfront.net/product/variant/photo/910008089_BLACK_1_49fb.jpg', 'https://d1yutv2xslo29o.cloudfront.net/product/variant/photo/2df0668b-2024-48ac-856b-21d193d18099.jpg', 'https://d1yutv2xslo29o.cloudfront.net/product/variant/photo/718719ca-f631-4eba-9f97-ce17d247f872.jpg', 'https://d1yutv2xslo29o.cloudfront.net/product/variant/photo/8c172f0b-5b5f-40f2-8328-519635e41d64.jpg', 'https://d1yutv2xslo29o.cloudfront.net/product/variant/photo/5adf9c92-a270-468b-8840-d9c87a4ee012.jpg']",910008089,Daily Wear,PRIA
RIHLAH LS SHIRT,OLIVE,"IDR 331,550 - IDR 349,000","['https://d1yutv2xslo29o.cloudfront.net/product/variant/media/web/1780fc5ddf685d5fab106c53ad477d6f.webp', 'https://d1yutv2xslo29o.cloudfront.net/product/variant/media/web/5497de0aa65538645d7e50ed512a5d75.webp', 'https://d1yutv2xslo29o.cloudfront.net/product/variant/media/web/579599b6f0d817978f8009205f3028ed.webp', 'https://d1yutv2xslo29o.cloudfront.net/product/variant/media/web/071af5b7034329ede916b4fcd35d4210.webp', 'https://d1yutv2xslo29o.cloudfront.net/product/variant/media/web/7d37f256e8f8b6f342e6e66520d172b8.webp', 'https://d1yutv2xslo29o.cloudfront.net/product/variant/media/web/42c272a19ba316e569b6c36e006d2bfe.webp', 'https://d1yutv2xslo29o.cloudfront.net/product/variant/media/web/9d1b54946294c48cd2391a1e0364a60c.webp', 'https://d1yutv2xslo29o.cloudfront.net/product/variant/media/web/620a79798e49fd719119cdf5b7e9226f.webp']",910010509,Daily Wear,PRIA
MISSION SS,BLACK,"IDR 331,550 - IDR 349,000","['https://d1yutv2xslo29o.cloudfront.net/product/variant/media/web/910007245_BLACK_1_3f08.webp', 'https://d1yutv2xslo29o.cloudfront.net/product/variant/media/web/910007245_BLACK_1_083f.webp', 'https://d1yutv2xslo29o.cloudfront.net/product/variant/media/web/910007245_BLACK_2_f0a4.webp', 'https://d1yutv2xslo29o.cloudfront.net/product/variant/media/web/910007245_BLACK_3_8a22.webp', 'https://d1yutv2xslo29o.cloudfront.net/product/variant/media/web/910007245_BLACK_4_1a42.webp', 'https://d1yutv2xslo29o.cloudfront.net/product/variant/media/web/910007245_BLACK_5_d4d2.webp']",910007245,Day Hike,PRIA
SOLIMANA SHIRT SS,NAVY,"IDR 331,550 - IDR 349,000","['https://d1yutv2xslo29o.cloudfront.net/product/variant/media/web/5175e6dc48dc05e77f5f102a849a292c.webp', 'https://d1yutv2xslo29o.cloudfront.net/product/variant/media/web/ac14c8b4ba698375fece9ace81b567f1.webp', 'https://d1yutv2xslo29o.cloudfront.net/product/variant/media/web/ae56e2221450dd3e3380103b1c375a86.webp', 'https://d1yutv2xslo29o.cloudfront.net/product/variant/media/web/78cf7e8a8bb1a3b761a311d21f5bd64a.webp', 'https://d1yutv2xslo29o.cloudfront.net/product/variant/media/web/2e46ba5115418f0b4c8c37aa6fed1c41.webp', 'https://d1yutv2xslo29o.cloudfront.net/product/variant/media/web/dfadd26f420074b1647c55635a7d0cb2.webp']",910010023,Daily Wear,PRIA
LOUISIANA WAY,BLACK,"IDR 331,550 - IDR 349,000","['https://d1yutv2xslo29o.cloudfront.net/product/variant/media/web/910006710_BLACK_1_409c.webp', 'https://d1yutv2xslo29o.cloudfront.net/product/variant/media/web/910006710_BLACK_2_bc0e.webp', 'https://d1yutv2xslo29o.cloudfront.net/product/variant/media/web/910006710_BLACK_3_9fd5.webp', 'https://d1yutv2xslo29o.cloudfront.net/product/variant/media/web/910006710_BLACK_4_e24d.webp', 'https://d1yutv2xslo29o.cloudfront.net/product/variant/media/web/910006710_BLACK_5_6454.webp', 'https://d1yutv2xslo29o.cloudfront.net/product/variant/media/web/910006710_BLACK_6_de55.webp']",910006710,Day Ride,PRIA
MACHINE STREET 1.1,WHITE,"IDR 331,550 - IDR 349,000","['https://d1yutv2xslo29o.cloudfront.net/product/variant/media/web/be88addf1e551aef21a4b88274f5a2d0.webp', 'https://d1yutv2xslo29o.cloudfront.net/product/variant/media/web/26fb140967c3311094f5bcddb15089e2.webp', 'https://d1yutv2xslo29o.cloudfront.net/product/variant/media/web/9c9512740a14be0df1363772d75396ba.webp', 'https://d1yutv2xslo29o.cloudfront.net/product/variant/media/web/f9803c4cdfe28bc8a1e53309c0f9227e.webp', 'https://d1yutv2xslo29o.cloudfront.net/product/variant/media/web/26b13851cc9d5fda5f217017101318b0.webp', 'https://d1yutv2xslo29o.cloudfront.net/product/variant/media/web/86359b74c40663b13efd434b1c34719a.webp', 'https://d1yutv2xslo29o.cloudfront.net/product/variant/media/web/4c4abc765e7ae0ad92bac9d9994405b4.webp']",910010035,Day Ride,PRIA
TAKIAN SHIRT 1.0 SS,BROWN,"IDR 341,050 - IDR 359,000","['https://d1yutv2xslo29o.cloudfront.net/product/variant/media/web/910007520_BROWN_1_1d23.webp', 'https://d1yutv2xslo29o.cloudfront.net/product/variant/media/web/910007520_BROWN_2_2938.webp', 'https://d1yutv2xslo29o.cloudfront.net/product/variant/media/web/910007520_BROWN_3_2b24.webp', 'https://d1yutv2xslo29o.cloudfront.net/product/variant/media/web/910007520_BROWN_4_c436.webp', 'https://d1yutv2xslo29o.cloudfront.net/product/variant/media/web/910007520_BROWN_5_ce2a.webp', 'https://d1yutv2xslo29o.cloudfront.net/product/variant/media/web/910007520_BROWN_6_293d.webp']",910007520,Daily Wear,PRIA
RAINTOUR SS SHIRT FP,BLACK,"IDR 341,050 - IDR 359,000","['https://d1yutv2xslo29o.cloudfront.net/product/variant/photo/c92ae2c9-6356-4236-abf9-5bb45abfecd5.jpg', 'https://d1yutv2xslo29o.cloudfront.net/product/variant/photo/a09801ff-79a5-487b-88ee-991871bdfab2.jpg', 'https://d1yutv2xslo29o.cloudfront.net/product/variant/photo/de333880-3ae8-4cba-9d73-3e860fe379bd.jpg', 'https://d1yutv2xslo29o.cloudfront.net/product/variant/photo/2f39ee5d-38a7-4c99-975f-7e128d9496a1.jpg']",910009457,Day Ride,PRIA
MENS VANASEEKER 1.0 SS,DARK GREY,"IDR 341,050 - IDR 359,000","['https://d1yutv2xslo29o.cloudfront.net/product/variant/media/web/910007519_DARK%20GREY_1_11a3.webp', 'https://d1yutv2xslo29o.cloudfront.net/product/variant/media/web/910007519_DARK%20GREY_2_95fa.webp', 'https://d1yutv2xslo29o.cloudfront.net/product/variant/media/web/910007519_DARK%20GREY_3_a64d.webp', 'https://d1yutv2xslo29o.cloudfront.net/product/variant/media/web/910007519_DARK%20GREY_4_1938.webp', 'https://d1yutv2xslo29o.cloudfront.net/product/variant/media/web/910007519_DARK%20GREY_5_f875.webp', 'https://d1yutv2xslo29o.cloudfront.net/product/variant/media/web/910007519_DARK%20GREY_6_1330.webp', 'https://d1yutv2xslo29o.cloudfront.net/product/variant/media/web/910007519_DARK%20GREY_7_fe52.webp']",910007519,Trekking,PRIA
BLUMEN PAISLEY SHIRT,GREY,"IDR 341,050 - IDR 359,000",['https://d1yutv2xslo29o.cloudfront.net/product/variant/media/web/8c6cd0f4-61c6-4648-8de4-074eab0f7b7d.webp'],910006799,Daily Wear,PRIA
GRAVEL 2.0 X28 LS UPDATED,BLACK,"IDR 341,050 - IDR 359,000","['https://d1yutv2xslo29o.cloudfront.net/product/variant/media/web/910007249_BLACK_1_9403.webp', 'https://d1yutv2xslo29o.cloudfront.net/product/variant/media/web/910007249_BLACK_2_2133.webp', 'https://d1yutv2xslo29o.cloudfront.net/product/variant/media/web/910007249_BLACK_3_99b8.webp', 'https://d1yutv2xslo29o.cloudfront.net/product/variant/media/web/910007249_BLACK_4_bb69.webp', 'https://d1yutv2xslo29o.cloudfront.net/product/variant/media/web/910007249_BLACK_5_a6c5.webp', 'https://d1yutv2xslo29o.cloudfront.net/product/variant/media/web/910007249_BLACK_6_6455.webp', 'https://d1yutv2xslo29o.cloudfront.net/product/variant/media/web/910007249_BLACK_7_ab64.webp']",910007249,Day Hike,PRIA
RIVERTON HALF BUTTON SHIRT,GREY,"IDR 197,450 - IDR 359,000",['https://d1yutv2xslo29o.cloudfront.net/product/variant/media/web/910008725A_1.webp'],910008725,Daily Wear,PRIA
INDONESIA CULTURAL SHIRT,BLUE,"IDR 215,400 - IDR 359,000","['https://d1yutv2xslo29o.cloudfront.net/product/variant/media/web/910007665_BLUE_1_58b2.webp', 'https://d1yutv2xslo29o.cloudfront.net/product/variant/media/web/910007665_BLUE_2_3895.webp', 'https://d1yutv2xslo29o.cloudfront.net/product/variant/media/web/910007665_BLUE_1_3ecd.webp', 'https://d1yutv2xslo29o.cloudfront.net/product/variant/media/web/910007665_BLUE_3_a8ab.webp', 'https://d1yutv2xslo29o.cloudfront.net/product/variant/media/web/910007665_BLUE_4_217a.webp', 'https://d1yutv2xslo29o.cloudfront.net/product/variant/media/web/910007665_BLUE_5_dbe0.webp']",910007665,Travelling,PRIA
WOMEN KAUWELA SAFARI SHIRT,KHAKI,"IDR 305,150 - IDR 359,000","['https://d1yutv2xslo29o.cloudfront.net/product/variant/media/web/d80b77138bb71e3b83c8279808b28571.webp', 'https://d1yutv2xslo29o.cloudfront.net/product/variant/media/web/6f624a7ab245daceaacadf579d59b0e9.webp', 'https://d1yutv2xslo29o.cloudfront.net/product/variant/media/web/b916471fa13f36c0d501ca7aa1f7559b.webp', 'https://d1yutv2xslo29o.cloudfront.net/product/variant/media/web/d1e420145d05f03c56f8b5f7171ac534.webp', 'https://d1yutv2xslo29o.cloudfront.net/product/variant/media/web/9502c7c505596fe2b21e4044ab119376.webp', 'https://d1yutv2xslo29o.cloudfront.net/product/variant/media/web/747912a0c52d7c3a0ad4c223befeaafd.webp', 'https://d1yutv2xslo29o.cloudfront.net/product/variant/media/web/7fba2b744ee6a909c072a8428dbfbc5a.webp']",910010307,Daily Wear,WANITA
HARPERS SHIRT LS,BLUE,"IDR 341,050 - IDR 359,000","['https://d1yutv2xslo29o.cloudfront.net/product/variant/media/web/910008644_Image1_1_d810.webp', 'https://d1yutv2xslo29o.cloudfront.net/product/variant/media/web/910008644_Image1_1_2ebc.webp', 'https://d1yutv2xslo29o.cloudfront.net/product/variant/media/web/910008644_Image1_1_2b68.webp', 'https://d1yutv2xslo29o.cloudfront.net/product/variant/media/web/910008644_Image1_1_e4f9.webp', 'https://d1yutv2xslo29o.cloudfront.net/product/variant/media/web/910008644_Image1_1_c892.webp', 'https://d1yutv2xslo29o.cloudfront.net/product/variant/media/web/910008644_Image1_1_49ad.webp', 'https://d1yutv2xslo29o.cloudfront.net/product/variant/media/web/910008644_Image1_1_47f8.webp']",910008644,Day Ride,PRIA
TRUJILLO PAISLEY SHIRT,BLACK,"IDR 341,050 - IDR 359,000","['https://d1yutv2xslo29o.cloudfront.net/product/variant/media/web/910007105_BLACK_1_36a0.webp', 'https://d1yutv2xslo29o.cloudfront.net/product/variant/media/web/910007105_BLACK_1_5367.webp', 'https://d1yutv2xslo29o.cloudfront.net/product/variant/media/web/910007105_BLACK_2_3e70.webp', 'https://d1yutv2xslo29o.cloudfront.net/product/variant/media/web/910007105_BLACK_3_1035.webp', 'https://d1yutv2xslo29o.cloudfront.net/product/variant/media/web/910007105_BLACK_4_db93.webp', 'https://d1yutv2xslo29o.cloudfront.net/product/variant/media/web/910007105_BLACK_5_5b17.webp']",910007105,Daily Wear,PRIA
CROSSTOWN SHIRT SS,BEIGE,"IDR 350,550 - IDR 369,000","['https://d1yutv2xslo29o.cloudfront.net/product/variant/media/web/4a5e3887758e31b1f00928021e009397.webp', 'https://d1yutv2xslo29o.cloudfront.net/product/variant/media/web/7921e1647ac47d6f44a853cafb4295a9.webp', 'https://d1yutv2xslo29o.cloudfront.net/product/variant/media/web/8ebfaefdd0ea10856c20f3459b253515.webp', 'https://d1yutv2xslo29o.cloudfront.net/product/variant/media/web/994f474d0a8c80fa8bb9c059107ebbcf.webp', 'https://d1yutv2xslo29o.cloudfront.net/product/variant/media/web/63016f10152bf151abdb34eb9d8b8667.webp', 'https://d1yutv2xslo29o.cloudfront.net/product/variant/media/web/f6fdb96c3cc5a17a7efee2ee9df7860d.webp', 'https://d1yutv2xslo29o.cloudfront.net/product/variant/media/web/0389a73e874291a9bf56a4fda9261ba6.webp']",910010188,Daily Wear,PRIA
EVOLUTE 1.0 SS F1,GREEN,"IDR 350,550 - IDR 369,000","['https://d1yutv2xslo29o.cloudfront.net/product/variant/media/web/321d1d61-2a80-4d21-adff-4126649de362.webp', 'https://d1yutv2xslo29o.cloudfront.net/product/variant/media/web/b46c77ce-c94d-4044-8f1f-a7846a56b2f6.webp', 'https://d1yutv2xslo29o.cloudfront.net/product/variant/media/web/c90a8332-aa99-4a2c-979f-eeb41d43d225.webp', 'https://d1yutv2xslo29o.cloudfront.net/product/variant/media/web/bcb64c95-b834-4b58-87c8-a3f8b7f2aede.webp', 'https://d1yutv2xslo29o.cloudfront.net/product/variant/media/web/a5826676-db22-44d4-9278-08499b5ce509.webp', 'https://d1yutv2xslo29o.cloudfront.net/product/variant/media/web/66a7e2c0-a469-4699-855f-357e367c289e.webp', 'https://d1yutv2xslo29o.cloudfront.net/product/variant/media/web/decd843e-419d-4644-9b00-3d0bc151ce4e.webp']",910008553,Day Hike,PRIA
KALAMANTARA BLK BORNEO F1,OLIVE,"IDR 350,550 - IDR 369,000","['https://d1yutv2xslo29o.cloudfront.net/product/variant/media/web/7e380a7c-9a1f-4d61-beec-715cd9f3d4d2.webp', 'https://d1yutv2xslo29o.cloudfront.net/product/variant/media/web/5d3f3c06-9c3f-42f3-9c45-9f60f4cdc00b.webp', 'https://d1yutv2xslo29o.cloudfront.net/product/variant/media/web/0c0493c3-1d76-4838-8b0e-7fe66437589b.webp', 'https://d1yutv2xslo29o.cloudfront.net/product/variant/media/web/ee02da73-192d-4f03-bf71-ecb76f379d15.webp', 'https://d1yutv2xslo29o.cloudfront.net/product/variant/media/web/f7ab0c17-4b61-4378-8a43-25108761fd4b.webp', 'https://d1yutv2xslo29o.cloudfront.net/product/variant/media/web/935ddb48-0089-4a1b-9aaf-1e5d4b805d94.webp', 'https://d1yutv2xslo29o.cloudfront.net/product/variant/media/web/81f942da-5511-40f3-b729-4349bed10407.webp', 'https://d1yutv2xslo29o.cloudfront.net/product/variant/media/web/2acf63d7-5eaa-4ac5-a15d-1a9f6ef77f10.webp']",910008490,Day Hike,PRIA
ALABAMA SS SHIRT,BLACK,"IDR 350,550 - IDR 369,000","['https://d1yutv2xslo29o.cloudfront.net/product/variant/media/web/910007627_BLACK_1_80f4.webp', 'https://d1yutv2xslo29o.cloudfront.net/product/variant/media/web/910007627_BLACK_2_56ab.webp', 'https://d1yutv2xslo29o.cloudfront.net/product/variant/media/web/910007627_BLACK_1_71a4.webp', 'https://d1yutv2xslo29o.cloudfront.net/product/variant/media/web/910007627_BLACK_3_88d2.webp', 'https://d1yutv2xslo29o.cloudfront.net/product/variant/media/web/910007627_BLACK_4_e1a6.webp', 'https://d1yutv2xslo29o.cloudfront.net/product/variant/media/web/910007627_BLACK_5_e6b9.webp']",910007627,Touring,PRIA
VENTURE TROPICAL SHIRT,BLACK,"IDR 350,550 - IDR 369,000","['https://d1yutv2xslo29o.cloudfront.net/product/variant/media/web/910007628_BLACK_1_27c7.webp', 'https://d1yutv2xslo29o.cloudfront.net/product/variant/media/web/910007628_BLACK_2_4574.webp', 'https://d1yutv2xslo29o.cloudfront.net/product/variant/media/web/910007628_BLACK_3_d09a.webp', 'https://d1yutv2xslo29o.cloudfront.net/product/variant/media/web/910007628_BLACK_4_daff.webp', 'https://d1yutv2xslo29o.cloudfront.net/product/variant/media/web/910007628_BLACK_5_b2a5.webp', 'https://d1yutv2xslo29o.cloudfront.net/product/variant/media/web/910007628_BLACK_6_c9b4.webp']",910007628,Travelling,PRIA
X-KAMPO SHIRT SS,BLACK,"IDR 360,050 - IDR 379,000","['https://d1yutv2xslo29o.cloudfront.net/product/variant/media/web/910007451_BLACK_1_8857.webp', 'https://d1yutv2xslo29o.cloudfront.net/product/variant/media/web/910007451_BLACK_1_7bbf.webp', 'https://d1yutv2xslo29o.cloudfront.net/product/variant/media/web/910007451_BLACK_2_0ac3.webp', 'https://d1yutv2xslo29o.cloudfront.net/product/variant/media/web/910007451_BLACK_3_46e6.webp', 'https://d1yutv2xslo29o.cloudfront.net/product/variant/media/web/910007451_BLACK_4_a9e7.webp', 'https://d1yutv2xslo29o.cloudfront.net/product/variant/media/web/910007451_BLACK_5_22a6.webp']",910007451,Day Hike,PRIA
CRANIUM SHIRT 3.0,DARK GREY,"IDR 360,050 - IDR 379,000","['https://d1yutv2xslo29o.cloudfront.net/product/variant/photo/2d677c77-8e6f-498d-b846-273d117f37b4.jpg', 'https://d1yutv2xslo29o.cloudfront.net/product/variant/photo/eaaeaa67-52fe-429a-9a8d-e0b8f3e79713.jpg', 'https://d1yutv2xslo29o.cloudfront.net/product/variant/photo/35a1f6bb-c113-44e3-bdfc-cf77e7f3cf86.jpg', 'https://d1yutv2xslo29o.cloudfront.net/product/variant/photo/5255e3c3-36b5-4d2d-ae10-bfbd72883d97.jpg', 'https://d1yutv2xslo29o.cloudfront.net/product/variant/photo/3c8968a3-d9f7-4ab7-8006-759949884d42.jpg', 'https://d1yutv2xslo29o.cloudfront.net/product/variant/photo/46d8fd25-e646-4456-8ec9-30069d3fcb8e.jpg', 'https://d1yutv2xslo29o.cloudfront.net/product/variant/photo/5dedc05c-a105-460a-b4c5-f402261d84a6.jpg', 'https://d1yutv2xslo29o.cloudfront.net/product/variant/photo/c1c599bf-1996-4d13-ac9e-29f3a498991b.jpg']",910007243,Daily Wear,PRIA
TAKIAN 2.2 SHIRT LS,DARK GREY,"IDR 369,550 - IDR 389,000","['https://d1yutv2xslo29o.cloudfront.net/product/variant/photo/d4f2315d-101c-45dd-84b5-4a21354dd70c.jpg', 'https://d1yutv2xslo29o.cloudfront.net/product/variant/photo/fe6aebf8-e1af-4457-9065-b0effa536ecd.jpg', 'https://d1yutv2xslo29o.cloudfront.net/product/variant/photo/df3310d8-23f7-4310-a8a2-e3d7b3ab5a2e.jpg', 'https://d1yutv2xslo29o.cloudfront.net/product/variant/photo/94928dc1-1359-407e-aad5-ba4352824fc1.jpg', 'https://d1yutv2xslo29o.cloudfront.net/product/variant/photo/4bdb64e1-c65f-465a-8d47-762d47588302.jpg']",910009503,Daily Wear,PRIA
HALURA,BROWN,"IDR 369,550 - IDR 389,000","['https://d1yutv2xslo29o.cloudfront.net/product/variant/media/web/910006774_BROWN_1_4c3a.webp', 'https://d1yutv2xslo29o.cloudfront.net/product/variant/media/web/910006774_BROWN_1_ee5f.webp', 'https://d1yutv2xslo29o.cloudfront.net/product/variant/media/web/910006774_BROWN_2_0f60.webp', 'https://d1yutv2xslo29o.cloudfront.net/product/variant/media/web/910006774_BROWN_3_3cc6.webp', 'https://d1yutv2xslo29o.cloudfront.net/product/variant/media/web/910006774_BROWN_4_03bc.webp', 'https://d1yutv2xslo29o.cloudfront.net/product/variant/media/web/910006774_BROWN_5_7093.webp']",910006774,Daily Wear,PRIA
MENS VANASEEKER 2.0 LS,TERRACOTTA,"IDR 369,550 - IDR 389,000","['https://d1yutv2xslo29o.cloudfront.net/product/variant/media/web/910007518_TERRACOTTA_1_1db7.webp', 'https://d1yutv2xslo29o.cloudfront.net/product/variant/media/web/910007518_TERRACOTTA_2_f038.webp', 'https://d1yutv2xslo29o.cloudfront.net/product/variant/media/web/910007518_TERRACOTTA_3_f123.webp', 'https://d1yutv2xslo29o.cloudfront.net/product/variant/media/web/910007518_TERRACOTTA_4_8fac.webp', 'https://d1yutv2xslo29o.cloudfront.net/product/variant/media/web/910007518_TERRACOTTA_5_dd60.webp', 'https://d1yutv2xslo29o.cloudfront.net/product/variant/media/web/910007518_TERRACOTTA_6_82e8.webp', 'https://d1yutv2xslo29o.cloudfront.net/product/variant/media/web/910007518_TERRACOTTA_7_8eb8.webp', 'https://d1yutv2xslo29o.cloudfront.net/product/variant/media/web/910007518_TERRACOTTA_8_1206.webp']",910007518,Daily Wear,PRIA
MENS TRAVERSE SHIRT 1.0,OLIVE,"IDR 369,550 - IDR 389,000","['https://d1yutv2xslo29o.cloudfront.net/product/variant/media/web/910007620_OLIVE_1_3ed2.webp', 'https://d1yutv2xslo29o.cloudfront.net/product/variant/media/web/910007620_OLIVE_2_540c.webp', 'https://d1yutv2xslo29o.cloudfront.net/product/variant/media/web/910007620_OLIVE_3_1a58.webp', 'https://d1yutv2xslo29o.cloudfront.net/product/variant/media/web/910007620_OLIVE_4_105c.webp', 'https://d1yutv2xslo29o.cloudfront.net/product/variant/media/web/910007620_OLIVE_5_7340.webp', 'https://d1yutv2xslo29o.cloudfront.net/product/variant/media/web/910007620_OLIVE_6_41a3.webp', 'https://d1yutv2xslo29o.cloudfront.net/product/variant/media/web/910007620_OLIVE_7_96ca.webp']",910007620,Day Hike,PRIA
WOMEN BREE SAFARI SHIRT,BROWN,"IDR 330,650 - IDR 389,000","['https://d1yutv2xslo29o.cloudfront.net/product/variant/media/web/f779cec52b92d976f3cca82fc7b7b7d2.webp', 'https://d1yutv2xslo29o.cloudfront.net/product/variant/media/web/473260578311daa0bc33069b5b9c44ec.webp', 'https://d1yutv2xslo29o.cloudfront.net/product/variant/media/web/674abbf834814a17250ccdf4671e1924.webp', 'https://d1yutv2xslo29o.cloudfront.net/product/variant/media/web/1caf68b37299948049aaec13af7914b3.webp', 'https://d1yutv2xslo29o.cloudfront.net/product/variant/media/web/6edb52799177334971f52e8cce61312f.webp', 'https://d1yutv2xslo29o.cloudfront.net/product/variant/media/web/09ddfc00b18c3adebea0e687e043689d.webp', 'https://d1yutv2xslo29o.cloudfront.net/product/variant/media/web/e005f79db0459ffafda4fcedb0829f7f.webp', 'https://d1yutv2xslo29o.cloudfront.net/product/variant/media/web/d444192fbbdec3a15fa32963409b740e.webp']",910010241,Daily Wear,WANITA
ALBON SHIRT LS,GREY,"IDR 279,300 - IDR 399,000","['https://d1yutv2xslo29o.cloudfront.net/product/variant/media/web/7802e4fdcf932881f11d1280b21f34b0.webp', 'https://d1yutv2xslo29o.cloudfront.net/product/variant/media/web/24c4251011871e79e08c29c2341c5f71.webp', 'https://d1yutv2xslo29o.cloudfront.net/product/variant/media/web/9c1f10ae891cd671b0333c6ea91f4bdf.webp', 'https://d1yutv2xslo29o.cloudfront.net/product/variant/media/web/3303995be4a7f196b75ee8a1de22ab56.webp', 'https://d1yutv2xslo29o.cloudfront.net/product/variant/media/web/bb97cf0d9203385629524205524bd9cf.webp', 'https://d1yutv2xslo29o.cloudfront.net/product/variant/media/web/ec5315555f4bea691d35686e15c39363.webp', 'https://d1yutv2xslo29o.cloudfront.net/product/variant/media/web/69b17a9e984c30c9e1ca75bfa072b388.webp', 'https://d1yutv2xslo29o.cloudfront.net/product/variant/media/web/0fec5f4101191b6871a9fb3ab5d2f879.webp']",910010022,Daily Wear,PRIA
HEMLOCK ROAD F1,GREY,"IDR 379,050 - IDR 399,000","['https://d1yutv2xslo29o.cloudfront.net/product/variant/photo/910008087_GREY_1_532c.jpg', 'https://d1yutv2xslo29o.cloudfront.net/product/variant/photo/4056eb3d-faa3-4044-99c3-d46575222a3d.jpg', 'https://d1yutv2xslo29o.cloudfront.net/product/variant/photo/62fcace1-f1cb-41f7-b96c-d45b21060a8a.jpg', 'https://d1yutv2xslo29o.cloudfront.net/product/variant/photo/c51a0fa7-d858-48b0-9687-0dc72914e60a.jpg', 'https://d1yutv2xslo29o.cloudfront.net/product/variant/photo/7c34ff1c-70b0-4ebe-b2e4-73b9e86f5078.jpg', 'https://d1yutv2xslo29o.cloudfront.net/product/variant/photo/6e880369-f9ce-4178-b7a2-8afdc236bd4d.jpg', 'https://d1yutv2xslo29o.cloudfront.net/product/variant/photo/59699855-fb13-461e-a73b-3e761e2b09d6.jpg']",910008087,Touring,PRIA
AMBITION TROPIC WOMEN BLACK BORNEO,GREEN,"IDR 399,000","['https://d1yutv2xslo29o.cloudfront.net/product/variant/media/web/9d9e88cd362b5efe81dfcd47d4d56432.webp', 'https://d1yutv2xslo29o.cloudfront.net/product/variant/media/web/a6a64bd11c3642e52f8c7df75af096ae.webp', 'https://d1yutv2xslo29o.cloudfront.net/product/variant/media/web/583aeef48883cd8d581cfe6acd4916bc.webp', 'https://d1yutv2xslo29o.cloudfront.net/product/variant/media/web/66a4d12dfc3f5b50a4a1661450fff2ee.webp', 'https://d1yutv2xslo29o.cloudfront.net/product/variant/media/web/deedce6133597a453942af652d54dbf8.webp', 'https://d1yutv2xslo29o.cloudfront.net/product/variant/media/web/c01c464dccfa65dfeb2e63b6580c7c31.webp', 'https://d1yutv2xslo29o.cloudfront.net/product/variant/media/web/44d633e89792360c7b1e8a5f94e3bd87.webp', 'https://d1yutv2xslo29o.cloudfront.net/product/variant/media/web/4097180458e0edb2050e332802f785c9.webp']",910009259,Day Hike,WANITA
TOWSEND F1,BLACK,"IDR 379,050 - IDR 399,000","['https://d1yutv2xslo29o.cloudfront.net/product/variant/photo/910008086_BLACK_1_3e00.jpg', 'https://d1yutv2xslo29o.cloudfront.net/product/variant/photo/a20da278-88e2-4fda-8658-dc855c9216fa.jpg', 'https://d1yutv2xslo29o.cloudfront.net/product/variant/photo/ff97e19b-4a92-407b-8733-e72a852c39df.jpg', 'https://d1yutv2xslo29o.cloudfront.net/product/variant/photo/e26a39ee-5591-484c-bdc6-35d9b7228fa6.jpg', 'https://d1yutv2xslo29o.cloudfront.net/product/variant/photo/d5c67b13-ad43-4bb7-bea8-67e843a75bd5.jpg', 'https://d1yutv2xslo29o.cloudfront.net/product/variant/photo/8bfd54d8-7b22-4276-81b8-b74f97a50069.jpg']",910008086,Touring,PRIA
SONOMA FLANNEL SHIRT,BLACK,"IDR 279,300 - IDR 399,000","['https://d1yutv2xslo29o.cloudfront.net/product/variant/media/web/5f7a593ce6cefcf46f127d2235d44d13.webp', 'https://d1yutv2xslo29o.cloudfront.net/product/variant/media/web/7b3cc04561ef04a802711bc89fee3f3c.webp', 'https://d1yutv2xslo29o.cloudfront.net/product/variant/media/web/767b94bd95445cf4653a1ab50dace831.webp', 'https://d1yutv2xslo29o.cloudfront.net/product/variant/media/web/df19bc10c79bb3c8217f44b11c64b6c2.webp', 'https://d1yutv2xslo29o.cloudfront.net/product/variant/media/web/a89ed2c2fb38c05cec0074fcda6e86a9.webp']",910009892,Daily Wear,PRIA
EVOLUTE 2.0 LS F1,BLACK,"IDR 399,000","['https://d1yutv2xslo29o.cloudfront.net/product/variant/media/web/92c1172a-5497-4fc4-aaba-54137106c9ff.webp', 'https://d1yutv2xslo29o.cloudfront.net/product/variant/media/web/96940f84-a359-43a5-a570-3502d8d54728.webp', 'https://d1yutv2xslo29o.cloudfront.net/product/variant/media/web/1d954987-b7a7-46e2-9356-d1000e1b3f08.webp', 'https://d1yutv2xslo29o.cloudfront.net/product/variant/media/web/2e9c3dd5-2ecd-4101-a3fc-a11c15f7b464.webp', 'https://d1yutv2xslo29o.cloudfront.net/product/variant/media/web/78e20f9c-8fc2-4f8b-b009-4d35a7383836.webp', 'https://d1yutv2xslo29o.cloudfront.net/product/variant/media/web/b5137ec6-d851-4d82-be2c-f0cae2e75747.webp', 'https://d1yutv2xslo29o.cloudfront.net/product/variant/media/web/2d2a6c17-99e6-4954-aff7-08bf8ef63fa9.webp']",910008554,Day Hike,PRIA
K. STRUIK 1989,NAVY,"IDR 388,550 - IDR 409,000","['https://d1yutv2xslo29o.cloudfront.net/product/variant/photo/0e13900b-2ab9-495b-9180-d0e425ffbf96.jpg', 'https://d1yutv2xslo29o.cloudfront.net/product/variant/photo/b1faf386-c3e6-44fc-abbc-0b9862d8e663.jpg', 'https://d1yutv2xslo29o.cloudfront.net/product/variant/photo/0008e82a-6be0-43f1-b6ee-da5be19fc9b2.jpg', 'https://d1yutv2xslo29o.cloudfront.net/product/variant/photo/acc2cd37-51ff-4dc0-86b3-04fc6a49b269.jpg', 'https://d1yutv2xslo29o.cloudfront.net/product/variant/photo/eab7460d-751e-4479-81d1-66920ae756cb.jpg', 'https://d1yutv2xslo29o.cloudfront.net/product/variant/photo/1bde8299-a50e-4e74-9fe1-850c7ab72ad4.jpg', 'https://d1yutv2xslo29o.cloudfront.net/product/variant/photo/9090e695-7752-49cf-bc3a-9c87d60198bd.jpg', 'https://d1yutv2xslo29o.cloudfront.net/product/variant/photo/e180dab2-c1be-4778-99b4-5fb98fcd06c8.jpg']",910003250,Travelling,PRIA
WOMEN VARSHA PLAID SHIRT,GREEN,"IDR 409,000","['https://d1yutv2xslo29o.cloudfront.net/product/variant/photo/38c6a6d0-3d24-48b4-be1f-8786867c7daa.jpg', 'https://d1yutv2xslo29o.cloudfront.net/product/variant/photo/235bc561-a9c3-4590-85ed-09e2286eddaa.jpg', 'https://d1yutv2xslo29o.cloudfront.net/product/variant/photo/05d140a0-3f6b-46de-ad3f-7480dc11d8ef.jpg', 'https://d1yutv2xslo29o.cloudfront.net/product/variant/photo/5b1c3303-4c9e-4388-9133-8d7df0a4de22.jpg', 'https://d1yutv2xslo29o.cloudfront.net/product/variant/photo/17d33a0e-5b4b-4929-b979-8e766911c81d.jpg']",910009553,Travelling,WANITA
MADISON LS SHIRT,BROWN,"IDR 388,550 - IDR 409,000","['https://d1yutv2xslo29o.cloudfront.net/product/variant/media/web/910008747_Image1_1_145b.webp', 'https://d1yutv2xslo29o.cloudfront.net/product/variant/media/web/c0a2e450-d0ea-4027-b729-d5683090bfe3.webp', 'https://d1yutv2xslo29o.cloudfront.net/product/variant/media/web/61354bdd-1702-4583-ae7c-88b60d26f8ab.webp', 'https://d1yutv2xslo29o.cloudfront.net/product/variant/media/web/337c531e-db60-4801-9656-6e1ec08fa15c.webp', 'https://d1yutv2xslo29o.cloudfront.net/product/variant/media/web/a2cda1b3-f30a-47de-a651-5ae1e347954e.webp']",910008747,Daily Wear,PRIA
MISSION LS,BLACK,"IDR 388,550 - IDR 409,000","['https://d1yutv2xslo29o.cloudfront.net/product/variant/media/web/910007248_BLACK_1_75df.webp', 'https://d1yutv2xslo29o.cloudfront.net/product/variant/media/web/910007248_BLACK_2_f248.webp', 'https://d1yutv2xslo29o.cloudfront.net/product/variant/media/web/910007248_BLACK_3_f3fa.webp', 'https://d1yutv2xslo29o.cloudfront.net/product/variant/media/web/910007248_BLACK_4_8eaf.webp', 'https://d1yutv2xslo29o.cloudfront.net/product/variant/media/web/910007248_BLACK_5_7799.webp', 'https://d1yutv2xslo29o.cloudfront.net/product/variant/media/web/910007248_BLACK_6_19a1.webp', 'https://d1yutv2xslo29o.cloudfront.net/product/variant/media/web/910007248_BLACK_7_8359.webp', 'https://d1yutv2xslo29o.cloudfront.net/product/variant/media/web/910007248_BLACK_8_a331.webp']",910007248,Day Hike,PRIA
X - HIKER HERO SS SHIRTS,OLIVE,"IDR 398,050 - IDR 419,000","['https://d1yutv2xslo29o.cloudfront.net/product/variant/media/web/bf525a69ae56d99cd9a0ececc4c49a6d.webp', 'https://d1yutv2xslo29o.cloudfront.net/product/variant/media/web/8d5dd4801cc0b63f17d3a08bcf3d5ecc.webp', 'https://d1yutv2xslo29o.cloudfront.net/product/variant/media/web/9ca0d098a302c4426accf57a982f801c.webp', 'https://d1yutv2xslo29o.cloudfront.net/product/variant/media/web/d634444b19ff2e51aef5756653c13604.webp', 'https://d1yutv2xslo29o.cloudfront.net/product/variant/media/web/335fcead54814a2cb854d1ad81e033d2.webp', 'https://d1yutv2xslo29o.cloudfront.net/product/variant/media/web/e1ba5fc9619ce5b3eddf176e28783396.webp', 'https://d1yutv2xslo29o.cloudfront.net/product/variant/media/web/ba03dc64a57784accb72c62c507867e9.webp']",910010449,Daily Wear,PRIA
SKYTRAP FLANNEL SHIRT LS,BLUE,"IDR 398,050 - IDR 419,000","['https://d1yutv2xslo29o.cloudfront.net/product/variant/media/web/f2ca96ff5f1a0cf18f2355cf71478644.webp', 'https://d1yutv2xslo29o.cloudfront.net/product/variant/media/web/10a53a4c3dbb702d89c0d6f7f9f73fed.webp', 'https://d1yutv2xslo29o.cloudfront.net/product/variant/media/web/e40de23ed76be6f0e85fb4d626492a8c.webp', 'https://d1yutv2xslo29o.cloudfront.net/product/variant/media/web/1f9b0b7e69e4cec883043b5d9d1b9c77.webp', 'https://d1yutv2xslo29o.cloudfront.net/product/variant/media/web/d380a73a7da6344f189c029929395915.webp', 'https://d1yutv2xslo29o.cloudfront.net/product/variant/media/web/9a1e6e97bc326f4cc10d757b8f307319.webp', 'https://d1yutv2xslo29o.cloudfront.net/product/variant/media/web/7766608cb1f408ffa64a0cd4d0ebe190.webp', 'https://d1yutv2xslo29o.cloudfront.net/product/variant/media/web/012a435b22ba27f0d0d490f9a3bccb86.webp']",910010032,Day Hike,PRIA
LANDO FLANNEL SHIRT,BROWN,"IDR 314,250 - IDR 419,000","['https://d1yutv2xslo29o.cloudfront.net/product/variant/photo/bf2d6eb3-50ff-420a-9850-9f1c590d5e72.jpg', 'https://d1yutv2xslo29o.cloudfront.net/product/variant/photo/944079b1-e6e0-4aa3-b7a9-f760a2a6d53b.jpg', 'https://d1yutv2xslo29o.cloudfront.net/product/variant/photo/c3bbbf88-3e24-441f-a4e6-da329bf15a64.jpg', 'https://d1yutv2xslo29o.cloudfront.net/product/variant/photo/455fa9f3-9766-4b8e-898d-365013c73a36.jpg', 'https://d1yutv2xslo29o.cloudfront.net/product/variant/photo/311b79d4-01cb-43c6-81a5-55acfed8d7ca.jpg']",910009891,Daily Wear,PRIA
TROY ROUTE WORK SHIRT 2.0,DARK NAVY,"IDR 398,050 - IDR 419,000","['https://d1yutv2xslo29o.cloudfront.net/product/variant/media/web/154bf6ce23f403415f90cb7b01136b99.webp', 'https://d1yutv2xslo29o.cloudfront.net/product/variant/media/web/4ab11a79344200a35a91cbbdb07e6488.webp', 'https://d1yutv2xslo29o.cloudfront.net/product/variant/media/web/5f01b400ca6284fc18f06f84e77c3f1c.webp', 'https://d1yutv2xslo29o.cloudfront.net/product/variant/media/web/5830970c05683263219aed08b025192b.webp', 'https://d1yutv2xslo29o.cloudfront.net/product/variant/media/web/70755a7414c5e431437a5306d03f1c43.webp', 'https://d1yutv2xslo29o.cloudfront.net/product/variant/media/web/cbf54b5e7ba6ebc3088213a0e24ccaea.webp', 'https://d1yutv2xslo29o.cloudfront.net/product/variant/media/web/60ce74da5ccb77c1d633f3f62450cdac.webp', 'https://d1yutv2xslo29o.cloudfront.net/product/variant/media/web/a9be1c832dbd44525c9749bd8da628be.webp']",910010033,Day Ride,PRIA
X-TRACK TRAIL SS,KHAKI,"IDR 407,550 - IDR 429,000","['https://d1yutv2xslo29o.cloudfront.net/product/variant/media/web/b9cdf2827dfbc69a7dee0c3b141438e1.webp', 'https://d1yutv2xslo29o.cloudfront.net/product/variant/media/web/179a9b6965c653f6cf66e9d0d3f54455.webp', 'https://d1yutv2xslo29o.cloudfront.net/product/variant/media/web/620f8559518fac2fab38a795d758fd23.webp', 'https://d1yutv2xslo29o.cloudfront.net/product/variant/media/web/7c09fa7ad37e826a63e19d343b6225aa.webp', 'https://d1yutv2xslo29o.cloudfront.net/product/variant/media/web/9fb9b52e66741abb1a7f9ffa88968997.webp', 'https://d1yutv2xslo29o.cloudfront.net/product/variant/media/web/79305047868f0b4efca2758b0f8a232f.webp', 'https://d1yutv2xslo29o.cloudfront.net/product/variant/media/web/4c3005f68f507a9ab716acee21217d9d.webp']",910010452,Daily Wear,PRIA
CARDENAZ LS SHIRT,OLIVE,"IDR 321,750 - IDR 429,000","['https://d1yutv2xslo29o.cloudfront.net/product/variant/media/web/910008724_Image1_1_e6cf.webp', 'https://d1yutv2xslo29o.cloudfront.net/product/variant/media/web/6b126350-5c71-47c1-a6e6-cc8ee3377796.webp', 'https://d1yutv2xslo29o.cloudfront.net/product/variant/media/web/01d21116-db39-40cd-84ad-5f9d3538a01e.webp', 'https://d1yutv2xslo29o.cloudfront.net/product/variant/media/web/1f4d273a-bec3-436d-8030-e8e9691c6299.webp', 'https://d1yutv2xslo29o.cloudfront.net/product/variant/media/web/4e185a27-fa3f-46f5-9234-9d84c7f987a0.webp', 'https://d1yutv2xslo29o.cloudfront.net/product/variant/media/web/6120074c-3de2-4c69-832b-5a5b5c979000.webp', 'https://d1yutv2xslo29o.cloudfront.net/product/variant/media/web/db21be2e-5b9b-485f-88d8-4d53d87160ba.webp']",910008724,Daily Wear,PRIA
ROCKTRAIL NEU 3.0 SHIRT LS,RED,"IDR 407,550 - IDR 429,000","['https://d1yutv2xslo29o.cloudfront.net/product/variant/media/web/910008726_Image1_1_f2ea.webp', 'https://d1yutv2xslo29o.cloudfront.net/product/variant/media/web/910008726_Image1_1_297f.webp', 'https://d1yutv2xslo29o.cloudfront.net/product/variant/media/web/910008726_Image1_1_4a9a.webp', 'https://d1yutv2xslo29o.cloudfront.net/product/variant/media/web/910008726_Image1_1_fbf2.webp', 'https://d1yutv2xslo29o.cloudfront.net/product/variant/media/web/910008726_Image1_1_70e1.webp', 'https://d1yutv2xslo29o.cloudfront.net/product/variant/media/web/910008726_Image1_1_9914.webp', 'https://d1yutv2xslo29o.cloudfront.net/product/variant/media/web/910008726_Image1_1_b2bf.webp']",910008726,Day Hike,PRIA
ROCKTRAIL NEU 2.0 SHIRT LS,TERRACOTTA,"IDR 407,550 - IDR 429,000","['https://d1yutv2xslo29o.cloudfront.net/product/variant/media/web/910008727_Image1_1_dbac.webp', 'https://d1yutv2xslo29o.cloudfront.net/product/variant/media/web/910008727_Image1_1_4033.webp', 'https://d1yutv2xslo29o.cloudfront.net/product/variant/media/web/910008727_Image1_1_7df9.webp', 'https://d1yutv2xslo29o.cloudfront.net/product/variant/media/web/910008727_Image1_1_b090.webp', 'https://d1yutv2xslo29o.cloudfront.net/product/variant/media/web/910008727_Image1_1_33ce.webp', 'https://d1yutv2xslo29o.cloudfront.net/product/variant/media/web/910008727_Image1_1_4ee2.webp', 'https://d1yutv2xslo29o.cloudfront.net/product/variant/media/web/910008727_Image1_1_d22e.webp']",910008727,Day Hike,PRIA
ETHNO SHIRT LS,GREEN,"IDR 321,750 - IDR 429,000","['https://d1yutv2xslo29o.cloudfront.net/product/variant/photo/f1f66209-2b51-40f3-8688-370dd0d7c129.jpg', 'https://d1yutv2xslo29o.cloudfront.net/product/variant/photo/cbce7c6e-e3ec-462d-9c7a-aced92f5b0d4.jpg', 'https://d1yutv2xslo29o.cloudfront.net/product/variant/photo/87cd725e-2ab1-47a0-a4e9-30ddc9fd5b20.jpg', 'https://d1yutv2xslo29o.cloudfront.net/product/variant/photo/4e30a00d-6063-4158-b336-75652d117a49.jpg', 'https://d1yutv2xslo29o.cloudfront.net/product/variant/photo/30a3ffd5-6055-48e8-8ced-3ac924d5e201.jpg']",910009501,Daily Wear,PRIA
WOMENS EQUATOR SHIRT 1.0 SS,KHAKI,"IDR 429,000","['https://d1yutv2xslo29o.cloudfront.net/product/variant/media/web/910007718_KHAKI_1_5e5d.webp', 'https://d1yutv2xslo29o.cloudfront.net/product/variant/media/web/910007718_KHAKI_1_fd0b.webp', 'https://d1yutv2xslo29o.cloudfront.net/product/variant/media/web/910007718_KHAKI_2_292d.webp', 'https://d1yutv2xslo29o.cloudfront.net/product/variant/media/web/910007718_KHAKI_3_350a.webp', 'https://d1yutv2xslo29o.cloudfront.net/product/variant/media/web/910007718_KHAKI_4_2394.webp', 'https://d1yutv2xslo29o.cloudfront.net/product/variant/media/web/910007718_KHAKI_5_4dff.webp', 'https://d1yutv2xslo29o.cloudfront.net/product/variant/media/web/910007718_KHAKI_6_ba60.webp', 'https://d1yutv2xslo29o.cloudfront.net/product/variant/media/web/910007718_KHAKI_7_03c3.webp']",910007718,Trekking,WANITA
NORRIS FLANNEL SHIRT,BLUE,"IDR 329,250 - IDR 439,000","['https://d1yutv2xslo29o.cloudfront.net/product/variant/media/web/0208046b659e434ce01e20956fa8fb26.webp', 'https://d1yutv2xslo29o.cloudfront.net/product/variant/media/web/4b5e2c3bd292e1d5d3ff61c9bd73d356.webp', 'https://d1yutv2xslo29o.cloudfront.net/product/variant/media/web/88c31bc4d07b6f53a2f24fdd480edbdb.webp', 'https://d1yutv2xslo29o.cloudfront.net/product/variant/media/web/4829963c042eac5707576f1c7467bdc8.webp', 'https://d1yutv2xslo29o.cloudfront.net/product/variant/media/web/d48558e5e8a5cb8a78c8be8a8ccdc134.webp', 'https://d1yutv2xslo29o.cloudfront.net/product/variant/media/web/a7d3a6733a0c287ba30f04eaf50aa6ab.webp', 'https://d1yutv2xslo29o.cloudfront.net/product/variant/media/web/e42ec1dd1c64914533a0a94e6d0b7877.webp', 'https://d1yutv2xslo29o.cloudfront.net/product/variant/media/web/b99eeb32e958bfaf6f4ab0f240687978.webp']",910009893,Daily Wear,PRIA
AMBITION TROPIC X28 F1,OLIVE,"IDR 417,050 - IDR 439,000","['https://d1yutv2xslo29o.cloudfront.net/product/variant/media/web/3f8b6202-3cd3-41f2-997d-fde56a9ecd15.webp', 'https://d1yutv2xslo29o.cloudfront.net/product/variant/media/web/20cf5e78-c29c-429a-a73c-5cf0a66c57f4.webp', 'https://d1yutv2xslo29o.cloudfront.net/product/variant/media/web/3ce837c9-ac30-4861-8f98-395d3f11781e.webp', 'https://d1yutv2xslo29o.cloudfront.net/product/variant/media/web/ef8a650f-59f5-4b24-a6da-17ae464cd886.webp', 'https://d1yutv2xslo29o.cloudfront.net/product/variant/media/web/afc6bbf0-2cd9-4010-9d02-ac6d83468c3e.webp', 'https://d1yutv2xslo29o.cloudfront.net/product/variant/media/web/398b3706-b0a3-4ab8-80d0-66df2c7c91ce.webp', 'https://d1yutv2xslo29o.cloudfront.net/product/variant/media/web/c650aef4-7976-477f-8271-5d51bfd5d25e.webp', 'https://d1yutv2xslo29o.cloudfront.net/product/variant/media/web/8ad5b031-5a3d-4f1f-a317-b323dc857367.webp', 'https://d1yutv2xslo29o.cloudfront.net/product/variant/media/web/8dc75135-f021-4caa-96af-336a7d3543bf.webp']",910008492,Day Hike,PRIA
MENS X-SENTINEL SS SHIRT,OLIVE,"IDR 417,050 - IDR 439,000","['https://d1yutv2xslo29o.cloudfront.net/product/variant/photo/57a52ded-a242-466f-a534-055d0baf282f.jpg', 'https://d1yutv2xslo29o.cloudfront.net/product/variant/photo/272b20e5-2075-4866-982a-9e6b9f690d08.jpg', 'https://d1yutv2xslo29o.cloudfront.net/product/variant/photo/bd0b275a-0396-4dde-96ac-bc3c58c729a7.jpg', 'https://d1yutv2xslo29o.cloudfront.net/product/variant/photo/4c2c2948-be6b-4983-8c1b-1668b55fd6d5.jpg', 'https://d1yutv2xslo29o.cloudfront.net/product/variant/photo/c1815eba-9b93-491b-be7c-37452ec8b7ec.jpg']",910009952,Tactical,PRIA
DESERT LINE FLANNEL SHIRT LS,RED,"IDR 417,050 - IDR 439,000","['https://d1yutv2xslo29o.cloudfront.net/product/variant/media/web/278cdd8c4cab3ff3d53c8066ab645603.webp', 'https://d1yutv2xslo29o.cloudfront.net/product/variant/media/web/f944eae60b243f38f4041010fdd6ff1d.webp', 'https://d1yutv2xslo29o.cloudfront.net/product/variant/media/web/0627cff390bdb9299ca2c28fe34cd3f5.webp', 'https://d1yutv2xslo29o.cloudfront.net/product/variant/media/web/0f13d17fee00e6c0871c19199ddbaeec.webp', 'https://d1yutv2xslo29o.cloudfront.net/product/variant/media/web/7cf39fd75df881377f01f2108161f429.webp', 'https://d1yutv2xslo29o.cloudfront.net/product/variant/media/web/e12ae9372377bc1fe267cdacf8ac7ec5.webp', 'https://d1yutv2xslo29o.cloudfront.net/product/variant/media/web/c5ed70a6925da35b809a87a037caefed.webp']",910010205,Day Hike,PRIA
BENTAYAN FLANNEL,BROWN,"IDR 417,050 - IDR 439,000","['https://d1yutv2xslo29o.cloudfront.net/product/variant/photo/b5286d13-54c1-42b2-bd9c-bc6ee46e2bb6.jpg', 'https://d1yutv2xslo29o.cloudfront.net/product/variant/photo/52f408cd-1a3d-4e16-8e1b-e41e20e47659.JPG', 'https://d1yutv2xslo29o.cloudfront.net/product/variant/photo/26adb036-0603-4806-9248-fa57da7bd189.JPG', 'https://d1yutv2xslo29o.cloudfront.net/product/variant/photo/3f7da760-2722-4717-95a4-e089594cdf05.JPG', 'https://d1yutv2xslo29o.cloudfront.net/product/variant/photo/5f9e7280-8c67-418f-ab2b-aa25efbf774a.JPG', 'https://d1yutv2xslo29o.cloudfront.net/product/variant/photo/71668272-53d2-4272-a775-e196fe6b75e1.JPG', 'https://d1yutv2xslo29o.cloudfront.net/product/variant/photo/38c244f8-cfcb-47f4-a6b6-5a366c48e29d.JPG', 'https://d1yutv2xslo29o.cloudfront.net/product/variant/photo/8fe440f9-a637-4a54-aecd-f22d437a3244.JPG']",910008581,Daily Wear,PRIA
AMITY OVERSIZED SHIRT,BLACK,"IDR 241,450 - IDR 439,000",['https://d1yutv2xslo29o.cloudfront.net/product/variant/media/web/910008713H_1.webp'],910008713,Daily Wear,WANITA
NEWBURGH FLANNEL SHIRT,MAROON,"IDR 417,050 - IDR 439,000","['https://d1yutv2xslo29o.cloudfront.net/product/variant/media/web/0240a721-a3c4-4ce5-889c-5bf9eb59ccda.webp', 'https://d1yutv2xslo29o.cloudfront.net/product/variant/media/web/e9a5706a-7079-4c4f-80d2-464c9b71c2d2.webp']",910008582,Daily Wear,PRIA
STRAIGHTWAY LS FLANNEL,NAVY,"IDR 426,550 - IDR 449,000","['https://d1yutv2xslo29o.cloudfront.net/product/variant/media/web/894b5c73b51296ef272eb65db9eb3c97.webp', 'https://d1yutv2xslo29o.cloudfront.net/product/variant/media/web/a5f5e558a69d172ef26ccd15b40d4d9a.webp', 'https://d1yutv2xslo29o.cloudfront.net/product/variant/media/web/41296dd942fc9204dd7e1a9e6c8bd596.webp', 'https://d1yutv2xslo29o.cloudfront.net/product/variant/media/web/55de38b89876b1893cedf7cc344f64e0.webp', 'https://d1yutv2xslo29o.cloudfront.net/product/variant/media/web/fdde7046605ed2b47789d0ac41be0572.webp', 'https://d1yutv2xslo29o.cloudfront.net/product/variant/media/web/ca3ad31babc3c712fe7bb22737367e17.webp', 'https://d1yutv2xslo29o.cloudfront.net/product/variant/media/web/ae408a1cad35f0f25cca0ebd58926206.webp', 'https://d1yutv2xslo29o.cloudfront.net/product/variant/media/web/dba6a82bb989e3608823b4ec540633c4.webp']",910010034,Day Ride,PRIA
MEN'S TREPAR SS,OLIVE,"IDR 436,050 - IDR 459,000","['https://d1yutv2xslo29o.cloudfront.net/product/variant/media/web/6c12da3fd2fc2721ab7c840dc6bc2c8f.webp', 'https://d1yutv2xslo29o.cloudfront.net/product/variant/media/web/ba6834092fadd51872ea4a31cfec7a38.webp', 'https://d1yutv2xslo29o.cloudfront.net/product/variant/media/web/f5d9ce0a50b0ee7dcccfe184c313b3d6.webp', 'https://d1yutv2xslo29o.cloudfront.net/product/variant/media/web/f31c2ffeaba3ff2afd120bd94d9f8dd4.webp', 'https://d1yutv2xslo29o.cloudfront.net/product/variant/media/web/000ba078137cd87eb4d12944a754fa8b.webp', 'https://d1yutv2xslo29o.cloudfront.net/product/variant/media/web/c53b023cba288d87855cb7df09333132.webp', 'https://d1yutv2xslo29o.cloudfront.net/product/variant/media/web/7fc08944df5aeb83a40255c8697bf928.webp', 'https://d1yutv2xslo29o.cloudfront.net/product/variant/media/web/189a5cbd19fb66540025b1143f921140.webp']",910010282,Day Hike,PRIA
SALVAGE LS SHIRT,CREAM,"IDR 436,050 - IDR 459,000",['https://d1yutv2xslo29o.cloudfront.net/product/variant/media/web/910008696CRE_1.webp'],910008696,Daily Wear,PRIA
X-BATTLESEEKER 1.0 LS F1,WHITE,"IDR 445,550 - IDR 469,000","['https://d1yutv2xslo29o.cloudfront.net/product/variant/media/web/44395c8e-11d0-4dfa-b19c-403c6df07d63.webp', 'https://d1yutv2xslo29o.cloudfront.net/product/variant/media/web/28f326ca-a6b9-4b3b-a0ca-dacdb2943d68.webp', 'https://d1yutv2xslo29o.cloudfront.net/product/variant/media/web/9b2c6973-5f74-4994-b732-fc303763c96c.webp', 'https://d1yutv2xslo29o.cloudfront.net/product/variant/media/web/7624eef3-bc84-4fb5-bb6d-0230a5bd1cc3.webp']",910008555,Day Hike,PRIA
X SHIELD QUILTED SHIRT,BLACK,"IDR 445,550 - IDR 469,000","['https://d1yutv2xslo29o.cloudfront.net/product/variant/photo/dca02760-04ae-4d56-876c-e965169d8b71.jpg', 'https://d1yutv2xslo29o.cloudfront.net/product/variant/photo/525a79b4-a8f1-49e5-865a-19a16a4aecaa.jpg']",910009178,Day Ride,PRIA
MENS X-CONQUEST SS SHIRT,KHAKI,"IDR 455,050 - IDR 479,000","['https://d1yutv2xslo29o.cloudfront.net/product/variant/photo/2c47ba3b-564c-4fbd-adfc-5b99a903b8ab.jpg', 'https://d1yutv2xslo29o.cloudfront.net/product/variant/photo/da8d4cb6-1834-4d03-b298-0e7f51f7a593.jpg', 'https://d1yutv2xslo29o.cloudfront.net/product/variant/photo/6be11074-0dce-4ee2-8cea-d10fbcbf6611.jpg', 'https://d1yutv2xslo29o.cloudfront.net/product/variant/photo/dd5b3c03-13b1-49fc-a6b7-21df47ee7287.jpg', 'https://d1yutv2xslo29o.cloudfront.net/product/variant/photo/a3b44596-07ac-4e3d-bca8-e30d6ad968f6.jpg']",910009949,Tactical,PRIA
X-HUNZA SHIRT,BROWN,"IDR 474,050 - IDR 499,000","['https://d1yutv2xslo29o.cloudfront.net/product/variant/media/web/d097e4aeee04f4094cf7ac0daadd8de0.webp', 'https://d1yutv2xslo29o.cloudfront.net/product/variant/media/web/58184da688815e4933b17a5e85e02ee1.webp', 'https://d1yutv2xslo29o.cloudfront.net/product/variant/media/web/6993324e67213d9ce6bfbd8de48f345c.webp', 'https://d1yutv2xslo29o.cloudfront.net/product/variant/media/web/240e1f4320f95bcc6857aafa4e904a02.webp', 'https://d1yutv2xslo29o.cloudfront.net/product/variant/media/web/bfe283a0d3cccd5b719938771fc7a141.webp', 'https://d1yutv2xslo29o.cloudfront.net/product/variant/media/web/e85273df0d118fd07e9be190214c7882.webp', 'https://d1yutv2xslo29o.cloudfront.net/product/variant/media/web/f1f134a965689d9a888f2822dccf610b.webp', 'https://d1yutv2xslo29o.cloudfront.net/product/variant/media/web/42e34c9c6098f2f924dc3b528221384c.webp']",910010451,Daily Wear,PRIA
PATHFINDER SHIRT 2.0,GREEN,"IDR 474,050 - IDR 499,000","['https://d1yutv2xslo29o.cloudfront.net/product/variant/photo/7193bb45-dc38-41d4-8a4b-c0f2cc70037c.jpg', 'https://d1yutv2xslo29o.cloudfront.net/product/variant/photo/a3ada421-1199-4b76-b2d0-3e87bbcb1f34.jpg', 'https://d1yutv2xslo29o.cloudfront.net/product/variant/photo/d8dd790a-f884-457f-af17-ae99c3666cb1.jpg', 'https://d1yutv2xslo29o.cloudfront.net/product/variant/photo/35f1b2f5-8da5-4d8c-be6a-7d46ea69cbf3.jpg', 'https://d1yutv2xslo29o.cloudfront.net/product/variant/photo/5de1f62d-618b-48ed-9c26-2141f92d4165.jpg', 'https://d1yutv2xslo29o.cloudfront.net/product/variant/photo/dcc8be22-3236-4059-bd24-8c4cbf880a78.jpg', 'https://d1yutv2xslo29o.cloudfront.net/product/variant/photo/e596ddfc-f913-41de-88b3-03ac8ebb3ee2.jpg', 'https://d1yutv2xslo29o.cloudfront.net/product/variant/photo/9bc6dcc1-068e-4ad2-9495-96dc157db26d.jpg']",910006782,Daily Wear,PRIA
AANVAL COMBAT SHIRT LS,OLIVE,"IDR 493,050 - IDR 519,000","['https://d1yutv2xslo29o.cloudfront.net/product/variant/photo/910007835_OLIVE_1_f189.jpg', 'https://d1yutv2xslo29o.cloudfront.net/product/variant/photo/daeb5fcb-1fde-47d3-ac49-05545b9c65df.jpg', 'https://d1yutv2xslo29o.cloudfront.net/product/variant/photo/f74b7cdf-657e-460d-8e50-984e4c9899e8.jpg', 'https://d1yutv2xslo29o.cloudfront.net/product/variant/photo/26927387-14ce-420f-a94e-3e20e8df3f1c.jpg', 'https://d1yutv2xslo29o.cloudfront.net/product/variant/photo/fc16998f-69c4-4e78-9c88-8e8924d8adf5.jpg', 'https://d1yutv2xslo29o.cloudfront.net/product/variant/photo/e8e8e5f5-0ec4-455d-8988-39529aa9c4bd.jpg', 'https://d1yutv2xslo29o.cloudfront.net/product/variant/photo/b9e8eafb-902e-4662-bcd6-e8e2be807fac.jpg', 'https://d1yutv2xslo29o.cloudfront.net/product/variant/photo/af1be6b9-1ef8-4932-b455-c85296da930e.jpg']",910007835,Combat,PRIA
MENS EQUATOR SHIRT 2.0 LS,BROWN,"IDR 559,550 - IDR 589,000","['https://d1yutv2xslo29o.cloudfront.net/product/variant/media/web/910007511_BROWN_1_635a.webp', 'https://d1yutv2xslo29o.cloudfront.net/product/variant/media/web/910007511_BROWN_2_d83f.webp', 'https://d1yutv2xslo29o.cloudfront.net/product/variant/media/web/910007511_BROWN_3_9975.webp', 'https://d1yutv2xslo29o.cloudfront.net/product/variant/media/web/910007511_BROWN_4_a7ea.webp', 'https://d1yutv2xslo29o.cloudfront.net/product/variant/media/web/910007511_BROWN_5_848e.webp', 'https://d1yutv2xslo29o.cloudfront.net/product/variant/media/web/910007511_BROWN_6_6682.webp', 'https://d1yutv2xslo29o.cloudfront.net/product/variant/media/web/910007511_BROWN_7_c58a.webp']",910007511,Trekking,PRIA
ATTACK COMBAT SHIRT,KHAKI,"IDR 569,050 - IDR 599,000","['https://d1yutv2xslo29o.cloudfront.net/product/variant/media/web/e4ba7522-7321-4d45-bbdb-0d1d219add24.webp', 'https://d1yutv2xslo29o.cloudfront.net/product/variant/media/web/5ebbcfa3-0d51-4305-a6f5-8ac48036cd76.webp', 'https://d1yutv2xslo29o.cloudfront.net/product/variant/media/web/9687cd06-98be-475a-8b27-318524093522.webp', 'https://d1yutv2xslo29o.cloudfront.net/product/variant/media/web/e4fe41e8-2999-4c55-a372-21d08015c9fb.webp', 'https://d1yutv2xslo29o.cloudfront.net/product/variant/media/web/64688bcf-0948-4cf5-bd0a-99a2ccda1285.webp', 'https://d1yutv2xslo29o.cloudfront.net/product/variant/media/web/44ce73f9-1920-41a9-9435-4dc1644300f1.webp', 'https://d1yutv2xslo29o.cloudfront.net/product/variant/media/web/f8463c84-6125-4909-bf69-f01d28d4f17a.webp', 'https://d1yutv2xslo29o.cloudfront.net/product/variant/media/web/6ae3ecbd-7166-4883-8ae1-cf6595f275dd.webp']",910010092,Tactical,PRIA
MEN'S EVOTECH XC 2.0 LS,NAVY,"IDR 597,550 - IDR 629,000","['https://d1yutv2xslo29o.cloudfront.net/product/variant/media/web/910008189_Image1_1_977b.webp', 'https://d1yutv2xslo29o.cloudfront.net/product/variant/media/web/910008189_Image1_1_7f59.webp', 'https://d1yutv2xslo29o.cloudfront.net/product/variant/media/web/910008189_Image1_1_ac3f.webp', 'https://d1yutv2xslo29o.cloudfront.net/product/variant/media/web/910008189_Image1_1_cb9d.webp', 'https://d1yutv2xslo29o.cloudfront.net/product/variant/media/web/910008189_Image1_1_790a.webp', 'https://d1yutv2xslo29o.cloudfront.net/product/variant/media/web/910008189_Image1_1_0b9c.webp', 'https://d1yutv2xslo29o.cloudfront.net/product/variant/media/web/910008189_Image1_1_635b.webp']",910008189,Trekking,PRIA
MENS URBAN TACTICAL 2.0 LS,BLACK,"IDR 616,550 - IDR 649,000","['https://d1yutv2xslo29o.cloudfront.net/product/variant/photo/910007826_BLACK_1_55e6.jpg', 'https://d1yutv2xslo29o.cloudfront.net/product/variant/photo/3f4f0b5f-5e71-4203-a80f-44daaa978131.jpg', 'https://d1yutv2xslo29o.cloudfront.net/product/variant/photo/5ef8b14a-c7e6-4912-a1ae-60e11d6ce603.jpg', 'https://d1yutv2xslo29o.cloudfront.net/product/variant/photo/914cdca6-9e8a-4c6f-82b0-c8b8976a837a.jpg', 'https://d1yutv2xslo29o.cloudfront.net/product/variant/photo/5139f7eb-5d08-406c-8673-ab582172fb5b.jpg', 'https://d1yutv2xslo29o.cloudfront.net/product/variant/photo/6893d351-30b5-44bf-afaf-55d9e34c5510.jpg']",910007826,Range,PRIA
